{
  "mean": [
    0.7979305047152351,
    0.7979391937253534,
    0.7979415310551622
  ],
  "std": [
    0.25765468872933606,
    0.2576451791834075,
    0.25762545902399997
  ]
}